DAO,Proposal,votes_voter,votes_choice,votes_vp,votes_created,proposals_title,proposal_date,usd_value,proposal_date_2,cumulative_vp,cumulative_usd_value,total_vp,total_usd_value,percentage_of_total_vp,cum_percentage_of_total_vp,cum_percentage_of_total_vp_stepped,proposal_voter_rank,total_voters,percentage_voters_counted,percentage_voters_counted_stepped
stormxio.eth,0xbbf1366a764a3e8a652524e79238d41e775c752a4380d12cec471ae5a074e722,0x862A9c8d5428EB09035C3dDFb19ACb87D88d2c59,1,4328.091621453549,1649959012,Close STORM to STMX Swap Proposal,2022-04-12,74.89248393883281,2022-04-14 17:56:52,4328.091621453549,74.89248393883281,18066.756311230216,312.62375550432574,0.2395610900174281,0.2395610900174281,0.0,1,1,0.00980392156862745,1.0
stormxio.eth,0xbbf1366a764a3e8a652524e79238d41e775c752a4380d12cec471ae5a074e722,0x190976E54Fb12fAb0E63c6fa9cb3cB4245b9D52a,2,4328.0288328496035,1650018486,Close STORM to STMX Swap Proposal,2022-04-12,74.89139745663145,2022-04-15 10:28:06,8656.120454303153,149.78388139546428,18066.756311230216,312.62375550432574,0.23955760294999265,0.479118637617144,0.0,2,2,0.0196078431372549,2.0
stormxio.eth,0xbbf1366a764a3e8a652524e79238d41e775c752a4380d12cec471ae5a074e722,0x015cE33498Af451706aDD0d02c2ccE492F00801e,1,1011.7979107778716,1650212488,Close STORM to STMX Swap Proposal,2022-04-12,17.507960877414988,2022-04-17 16:21:28,9667.918365081025,167.29184227287925,18066.756311230216,312.62375550432574,0.056003299319296755,0.5351219369364407,1.0,3,3,0.029411764705882353,3.0
stormxio.eth,0xbbf1366a764a3e8a652524e79238d41e775c752a4380d12cec471ae5a074e722,0xF7C9D7c8E082382598B5e1fc8D92e25fe6cbE00e,1,897.4471413658704,1649982220,Close STORM to STMX Swap Proposal,2022-04-12,15.529256656106169,2022-04-15 00:23:40,10565.365506446895,182.8210989289854,18066.756311230216,312.62375550432574,0.0496739398221828,0.5847959321089002,1.0,4,4,0.0392156862745098,4.0
stormxio.eth,0xbbf1366a764a3e8a652524e79238d41e775c752a4380d12cec471ae5a074e722,0xe25459E909361263809052b07E80DCCcc4100067,3,694.7688518731803,1650134374,Close STORM to STMX Swap Proposal,2022-04-12,12.022149628763794,2022-04-16 18:39:34,11260.134358320076,194.8432485577492,18066.756311230216,312.62375550432574,0.03845565643020493,0.6232515331888284,1.0,5,5,0.049019607843137254,5.0
stormxio.eth,0xbbf1366a764a3e8a652524e79238d41e775c752a4380d12cec471ae5a074e722,0x2E905B0436bcFb317838b6dd6f1A4B73088d78D2,1,581.8580868231224,1650057876,Close STORM to STMX Swap Proposal,2022-04-12,10.06836297228057,2022-04-15 21:24:36,11841.992445143198,204.91161153002977,18066.756311230216,312.62375550432574,0.032206001331616954,0.6554575345204454,1.0,6,6,0.058823529411764705,6.0
stormxio.eth,0xbbf1366a764a3e8a652524e79238d41e775c752a4380d12cec471ae5a074e722,0x3C27284E0CCC5f7e772aB880C661720D0d199572,1,459.25353297579665,1649820253,Close STORM to STMX Swap Proposal,2022-04-12,7.946836816428335,2022-04-13 03:24:13,12301.245978118995,212.85844834645812,18066.756311230216,312.62375550432574,0.025419836000450995,0.6808773705208964,1.0,7,7,0.06862745098039216,7.0
stormxio.eth,0xbbf1366a764a3e8a652524e79238d41e775c752a4380d12cec471ae5a074e722,0x62340e1ad4862E5cA5E9f48E9A0869499E964a35,1,444.304754234182,1649857446,Close STORM to STMX Swap Proposal,2022-04-12,7.6881659587546824,2022-04-13 13:44:06,12745.550732353178,220.5466143052128,18066.756311230216,312.62375550432574,0.024592404713253184,0.7054697752341496,1.0,8,8,0.0784313725490196,8.0
stormxio.eth,0xbbf1366a764a3e8a652524e79238d41e775c752a4380d12cec471ae5a074e722,0x8d3dAD7e7941b16721EF4364c4eb1c67Dd9fF302,1,433.91051835492715,1649873077,Close STORM to STMX Swap Proposal,2022-04-12,7.508306054730262,2022-04-13 18:04:37,13179.461250708106,228.05492035994308,18066.756311230216,312.62375550432574,0.024017093936670536,0.7294868138205434,1.0,9,9,0.08823529411764706,9.0
stormxio.eth,0xbbf1366a764a3e8a652524e79238d41e775c752a4380d12cec471ae5a074e722,0x85B92faA0F0462CD740260525065F1546E03eEA7,1,404.0977337267152,1649875284,Close STORM to STMX Swap Proposal,2022-04-12,6.992431232932844,2022-04-13 18:41:24,13583.558984434821,235.04735159287594,18066.756311230216,312.62375550432574,0.022366936135799025,0.7518537499563424,1.0,10,10,0.09803921568627451,10.0
stormxio.eth,0xbbf1366a764a3e8a652524e79238d41e775c752a4380d12cec471ae5a074e722,0x0d6881655f8Ac9E91adE5714ddfD1b6e99d08Bf8,2,384.21625770125365,1649805888,Close STORM to STMX Swap Proposal,2022-04-12,6.648405908575891,2022-04-12 23:24:48,13967.775242136075,241.69575750145182,18066.756311230216,312.62375550432574,0.02126646193337299,0.7731202118897154,1.0,11,11,0.10784313725490197,11.0
stormxio.eth,0xbbf1366a764a3e8a652524e79238d41e775c752a4380d12cec471ae5a074e722,0x367eA57A535c42948184F6dCC974da0C1e482BD7,1,379.2011378795249,1649889868,Close STORM to STMX Swap Proposal,2022-04-12,6.561625217788666,2022-04-13 22:44:28,14346.9763800156,248.2573827192405,18066.756311230216,312.62375550432574,0.020988880295450922,0.7941090921851663,1.0,12,12,0.11764705882352941,12.0
stormxio.eth,0xbbf1366a764a3e8a652524e79238d41e775c752a4380d12cec471ae5a074e722,0x6585eC2D632442c1528088307418537d7D091584,1,207.13019851576348,1649873181,Close STORM to STMX Swap Proposal,2022-04-12,3.5841420243269577,2022-04-13 18:06:21,14554.106578531364,251.84152474356745,18066.756311230216,312.62375550432574,0.011464702824087354,0.8055738503595304,1.0,13,13,0.12745098039215685,13.0
stormxio.eth,0xbbf1366a764a3e8a652524e79238d41e775c752a4380d12cec471ae5a074e722,0x278Af297882A3118aF3BB6D02A261e596Dea6416,2,200.61738341276777,1649815183,Close STORM to STMX Swap Proposal,2022-04-12,3.4714454958893537,2022-04-13 01:59:43,14754.723961944132,255.3129702394568,18066.756311230216,312.62375550432574,0.011104206471587566,0.816678056831118,1.0,14,14,0.13725490196078433,14.0
stormxio.eth,0xbbf1366a764a3e8a652524e79238d41e775c752a4380d12cec471ae5a074e722,0x287fF0754711cB173fCd9DF8bd1300F8ef4639DC,1,198.0706744270956,1650405338,Close STORM to STMX Swap Proposal,2022-04-12,3.4273777222634623,2022-04-19 21:55:38,14952.794636371227,258.74034796172026,18066.756311230216,312.62375550432574,0.010963284666971497,0.8276413414980895,1.0,15,15,0.14705882352941177,15.0
stormxio.eth,0xbbf1366a764a3e8a652524e79238d41e775c752a4380d12cec471ae5a074e722,0xe41eeB9ab53Ab208fD57A5E10dFC2FeE464Ca216,2,195.03584923320778,1649890371,Close STORM to STMX Swap Proposal,2022-04-12,3.3748636775136247,2022-04-13 22:52:51,15147.830485604434,262.1152116392339,18066.756311230216,312.62375550432574,0.01079529657702265,0.8384365827248353,1.0,16,16,0.1568627450980392,16.0
stormxio.eth,0xbbf1366a764a3e8a652524e79238d41e775c752a4380d12cec471ae5a074e722,0x1304A88832A25b30169D36A1d4b8AFD9d9AA6a02,1,188.31553635861712,1650134367,Close STORM to STMX Swap Proposal,2022-04-12,3.2585766466362185,2022-04-16 18:39:27,15336.146021963052,265.37378828587015,18066.756311230216,312.62375550432574,0.010423342717234753,0.8488599254420702,1.0,17,17,0.16666666666666666,17.0
stormxio.eth,0xbbf1366a764a3e8a652524e79238d41e775c752a4380d12cec471ae5a074e722,0x08A61fADbdCFDFfd5ff7C44D2cE059e7339B6B50,1,141.904534858356,1650209231,Close STORM to STMX Swap Proposal,2022-04-12,2.4554893997733327,2022-04-17 15:27:11,15478.050556821408,267.8292776856435,18066.756311230216,312.62375550432574,0.007854481022797838,0.856714406464868,1.0,18,18,0.17647058823529413,18.0
stormxio.eth,0xbbf1366a764a3e8a652524e79238d41e775c752a4380d12cec471ae5a074e722,0x764b3973f0980Ecd8C3242a868F223f5D125249c,1,140.4932636888592,1649996381,Close STORM to STMX Swap Proposal,2022-04-12,2.431069028709335,2022-04-15 04:19:41,15618.543820510267,270.2603467143528,18066.756311230216,312.62375550432574,0.0077763264320209755,0.8644907328968889,1.0,19,19,0.18627450980392157,19.0
stormxio.eth,0xbbf1366a764a3e8a652524e79238d41e775c752a4380d12cec471ae5a074e722,0x2Fcc797911A69EE6ad1adC1bDc476c8d589599bF,2,133.64122247913093,1649868836,Close STORM to STMX Swap Proposal,2022-04-12,2.3125025954794736,2022-04-13 16:53:56,15752.185042989398,272.5728493098323,18066.756311230216,312.62375550432574,0.007397066335701531,0.8718877992325904,1.0,20,20,0.19607843137254902,20.0
stormxio.eth,0xbbf1366a764a3e8a652524e79238d41e775c752a4380d12cec471ae5a074e722,0x7BeE12C464E109B366dD9A7759521d5F56Dce0C8,1,120.49867239536415,1650425170,Close STORM to STMX Swap Proposal,2022-04-12,2.0850863790147103,2022-04-20 03:26:10,15872.683715384763,274.657935688847,18066.756311230216,312.62375550432574,0.006669652998598475,0.878557452231189,1.0,21,21,0.20588235294117646,21.0
stormxio.eth,0xbbf1366a764a3e8a652524e79238d41e775c752a4380d12cec471ae5a074e722,0x1edB4c7B145CEF7e46d5B5c256cEDCd5C45f2EcE,2,97.28428561810948,1649813148,Close STORM to STMX Swap Proposal,2022-04-12,1.6833889934400694,2022-04-13 01:25:48,15969.968001002871,276.34132468228705,18066.756311230216,312.62375550432574,0.005384696323750854,0.8839421485549398,1.0,22,22,0.21568627450980393,22.0
stormxio.eth,0xbbf1366a764a3e8a652524e79238d41e775c752a4380d12cec471ae5a074e722,0x34342d2d62bAD7A9113E8BedE1E0Bf94C2468aE4,2,95.32695371797797,1649938672,Close STORM to STMX Swap Proposal,2022-04-12,1.6495196901270464,2022-04-14 12:17:52,16065.29495472085,277.9908443724141,18066.756311230216,312.62375550432574,0.005276375832142979,0.8892185243870828,1.0,23,23,0.22549019607843138,23.0
stormxio.eth,0xbbf1366a764a3e8a652524e79238d41e775c752a4380d12cec471ae5a074e722,0x7613b23e6D3466e6bbF65638B5EecB921fd97a9E,1,82.54871127656051,1649896859,Close STORM to STMX Swap Proposal,2022-04-12,1.4284073846326975,2022-04-14 00:40:59,16147.84366599741,279.41925175704677,18066.756311230216,312.62375550432574,0.0045691099957784346,0.8937876343828611,1.0,24,24,0.23529411764705882,24.0
stormxio.eth,0xbbf1366a764a3e8a652524e79238d41e775c752a4380d12cec471ae5a074e722,0x288eb7D1c2Ac172b015734A35005dea7Aa80d477,1,74.01785093227274,1650411701,Close STORM to STMX Swap Proposal,2022-04-12,1.280790980637897,2022-04-19 23:41:41,16221.861516929683,280.70004273768467,18066.756311230216,312.62375550432574,0.0040969167847887695,0.89788455116765,1.0,25,25,0.24509803921568626,25.0
stormxio.eth,0xbbf1366a764a3e8a652524e79238d41e775c752a4380d12cec471ae5a074e722,0x30555A46F09570F6eD32307C2917cF9a75d6E5f6,1,71.68353000192862,1649910610,Close STORM to STMX Swap Proposal,2022-04-12,1.2403983300023809,2022-04-14 04:30:10,16293.545046931611,281.94044106768706,18066.756311230216,312.62375550432574,0.00396772923884458,0.9018522250562179,1.0,26,26,0.2549019607843137,25.0
stormxio.eth,0xbbf1366a764a3e8a652524e79238d41e775c752a4380d12cec471ae5a074e722,0x84Cba3245d69654C5816b8CF90d58F33A46750fa,1,65.47046906724636,1649858275,Close STORM to STMX Swap Proposal,2022-04-12,1.132888691353509,2022-04-13 13:57:55,16359.015515998857,283.0733297590406,18066.756311230216,312.62375550432574,0.0036237826190942844,0.9054760630255888,1.0,27,27,0.2647058823529412,26.0
stormxio.eth,0xbbf1366a764a3e8a652524e79238d41e775c752a4380d12cec471ae5a074e722,0x3283DD9e2b98c348A47a274B5CC2b64f41c689F6,1,64.36163538107738,1649819444,Close STORM to STMX Swap Proposal,2022-04-12,1.1137016416569137,2022-04-13 03:10:44,16423.377151379933,284.1870314006975,18066.756311230216,312.62375550432574,0.0035624545124506844,0.9090384621877629,1.0,28,28,0.27450980392156865,27.0
stormxio.eth,0xbbf1366a764a3e8a652524e79238d41e775c752a4380d12cec471ae5a074e722,0x4AdA1B9D9fe28aBd9585f58cfEeD2169A39e1c6b,1,63.565050795496795,1649888194,Close STORM to STMX Swap Proposal,2022-04-12,1.099917691708673,2022-04-13 22:16:34,16486.94220217543,285.2869490924062,18066.756311230216,312.62375550432574,0.003518340341877626,0.9125568025296403,1.0,29,29,0.28431372549019607,28.0
stormxio.eth,0xbbf1366a764a3e8a652524e79238d41e775c752a4380d12cec471ae5a074e722,0x199a051119AD6164E6645dbFE73D431440B1Fb87,1,57.70564765031754,1649866295,Close STORM to STMX Swap Proposal,2022-04-12,0.9985276809782373,2022-04-13 16:11:35,16544.647849825746,286.2854767733844,18066.756311230216,312.62375550432574,0.003194043070375054,0.9157508456000155,1.0,30,30,0.29411764705882354,29.0
stormxio.eth,0xbbf1366a764a3e8a652524e79238d41e775c752a4380d12cec471ae5a074e722,0xaA8Fa3053CC6BCD6E3e492f9bc50AB5ac7bdB7bb,1,57.062866784794345,1649952885,Close STORM to STMX Swap Proposal,2022-04-12,0.9874051216939638,2022-04-14 16:14:45,16601.71071661054,287.27288189507834,18066.756311230216,312.62375550432574,0.0031584528424221346,0.9189092984424375,1.0,31,31,0.30392156862745096,30.0
stormxio.eth,0xbbf1366a764a3e8a652524e79238d41e775c752a4380d12cec471ae5a074e722,0x07A4Bc4Dd2697ad66AdE61Fb637A9DDCC2F1678d,3,54.17748042505448,1649856075,Close STORM to STMX Swap Proposal,2022-04-12,0.937476938442711,2022-04-13 13:21:15,16655.888197035598,288.21035883352107,18066.756311230216,312.62375550432574,0.002998711943709654,0.9219080103861472,1.0,32,32,0.3137254901960784,31.0
stormxio.eth,0xbbf1366a764a3e8a652524e79238d41e775c752a4380d12cec471ae5a074e722,0xf89A2E6B016cdED4e128e88d399661FFC9469220,1,51.665144480721075,1649929379,Close STORM to STMX Swap Proposal,2022-04-12,0.8940039494636208,2022-04-14 09:42:59,16707.55334151632,289.1043627829847,18066.756311230216,312.62375550432574,0.002859672048503226,0.9247676824346505,1.0,33,33,0.3235294117647059,32.0
stormxio.eth,0xbbf1366a764a3e8a652524e79238d41e775c752a4380d12cec471ae5a074e722,0x259108B5C57C35B7697a4481cD42d518D1ea1e04,1,50.00934380849627,1649857625,Close STORM to STMX Swap Proposal,2022-04-12,0.8653522858445272,2022-04-13 13:47:05,16757.562685324814,289.96971506882926,18066.756311230216,312.62375550432574,0.0027680119901983516,0.9275357497751255,1.0,34,34,0.3333333333333333,33.0
stormxio.eth,0xbbf1366a764a3e8a652524e79238d41e775c752a4380d12cec471ae5a074e722,0x069e3463996224fECf7dFDA4EE537Baa89D8B089,1,41.874487457518356,1649885806,Close STORM to STMX Swap Proposal,2022-04-12,0.724588260519731,2022-04-13 21:36:46,16799.43717278233,290.694303329349,18066.756311230216,312.62375550432574,0.002317737488803331,0.929853487263929,1.0,35,35,0.3431372549019608,34.0
stormxio.eth,0xbbf1366a764a3e8a652524e79238d41e775c752a4380d12cec471ae5a074e722,0x3fFcE1E7D185C5b7143357f2E09927D656FE028e,2,39.29545707698392,1649865816,Close STORM to STMX Swap Proposal,2022-04-12,0.6799612035520531,2022-04-13 16:03:36,16838.732629859314,291.37426453290107,18066.756311230216,312.62375550432574,0.002174989125054375,0.93202853173926,1.0,36,36,0.35294117647058826,35.0
stormxio.eth,0xbbf1366a764a3e8a652524e79238d41e775c752a4380d12cec471ae5a074e722,0xa58aB93E6D45C499241892E61BE9EB4d8465AD09,1,37.003416075511375,1649859431,Close STORM to STMX Swap Proposal,2022-04-12,0.6403001568590814,2022-04-13 14:17:11,16875.736045934827,292.01456468976016,18066.756311230216,312.62375550432574,0.0020481262907338597,0.934076658029994,1.0,37,37,0.3627450980392157,36.0
stormxio.eth,0xbbf1366a764a3e8a652524e79238d41e775c752a4380d12cec471ae5a074e722,0x2A1F51b6e70E5C794E050923ec7f26738B505082,2,36.238345405905605,1649954292,Close STORM to STMX Swap Proposal,2022-04-12,0.6270615177897265,2022-04-14 16:38:12,16911.974391340733,292.6416262075499,18066.756311230216,312.62375550432574,0.002005783329016934,0.9360824413590108,1.0,38,38,0.37254901960784315,37.0
stormxio.eth,0xbbf1366a764a3e8a652524e79238d41e775c752a4380d12cec471ae5a074e722,0x1Ba011E38124A18A1D27Eb563D93a48D563C3155,1,35.14301481278703,1649866450,Close STORM to STMX Swap Proposal,2022-04-12,0.6081081230773255,2022-04-13 16:14:10,16947.11740615352,293.24973433062723,18066.756311230216,312.62375550432574,0.0019451747759711385,0.9380276161349819,1.0,39,39,0.38235294117647056,38.0
stormxio.eth,0xbbf1366a764a3e8a652524e79238d41e775c752a4380d12cec471ae5a074e722,0xA71Ebe0Bb2999012acCA25282b3Bc38533E1E4de,1,32.61674496411382,1649839166,Close STORM to STMX Swap Proposal,2022-04-12,0.5643940244364618,2022-04-13 08:39:26,16979.734151117635,293.8141283550637,18066.756311230216,312.62375550432574,0.0018053599768901522,0.9398329761118721,1.0,40,40,0.39215686274509803,39.0
stormxio.eth,0xbbf1366a764a3e8a652524e79238d41e775c752a4380d12cec471ae5a074e722,0x51991924291A87155F7707B72FA2618D8e8A4958,1,32.501850107529535,1649864826,Close STORM to STMX Swap Proposal,2022-04-12,0.5624059054329867,2022-04-13 15:47:06,17012.236001225163,294.37653426049667,18066.756311230216,312.62375550432574,0.001798994695063425,0.9416319708069356,1.0,41,41,0.4019607843137255,40.0
stormxio.eth,0xbbf1366a764a3e8a652524e79238d41e775c752a4380d12cec471ae5a074e722,0x89D37A5d65668cc5D1608cc7dE4e8302253a454C,1,32.360291073971965,1649913023,Close STORM to STMX Swap Proposal,2022-04-12,0.5599563945227841,2022-04-14 05:10:23,17044.596292299135,294.93649065501944,18066.756311230216,312.62375550432574,0.0017911349557643353,0.9434231057626999,1.0,42,42,0.4117647058823529,41.0
stormxio.eth,0xbbf1366a764a3e8a652524e79238d41e775c752a4380d12cec471ae5a074e722,0x22f02DCd96dF23EE9b7294553D2c0c622A82115f,1,31.431574646509464,1649864241,Close STORM to STMX Swap Proposal,2022-04-12,0.5438860600172252,2022-04-13 15:37:21,17076.027866945646,295.48037671503664,18066.756311230216,312.62375550432574,0.001739769898936483,0.9451628756616363,1.0,43,43,0.4215686274509804,42.0
stormxio.eth,0xbbf1366a764a3e8a652524e79238d41e775c752a4380d12cec471ae5a074e722,0x69a2A0dbeA51cec20fFb28EDb468251d4efdDd50,1,31.40656894388145,1650145171,Close STORM to STMX Swap Proposal,2022-04-12,0.5434533660388526,2022-04-16 21:39:31,17107.43443588953,296.0238300810755,18066.756311230216,312.62375550432574,0.0017383861420176292,0.9469012064533773,1.0,44,44,0.43137254901960786,43.0
stormxio.eth,0xbbf1366a764a3e8a652524e79238d41e775c752a4380d12cec471ae5a074e722,0x82d36fBdc388D88632c7f76f3A6Ee22a023cA680,2,31.3614301968978,1649857257,Close STORM to STMX Swap Proposal,2022-04-12,0.5426722936450208,2022-04-13 13:40:57,17138.795866086428,296.5665023747205,18066.756311230216,312.62375550432574,0.0017358400292869383,0.9486371018329408,1.0,45,45,0.4411764705882353,44.0
stormxio.eth,0xbbf1366a764a3e8a652524e79238d41e775c752a4380d12cec471ae5a074e722,0x90291b8997679A9BCc5343f2a67B0abB2a0CA9D3,1,30.646616744826073,1649875480,Close STORM to STMX Swap Proposal,2022-04-12,0.5303032960218688,2022-04-13 18:44:40,17169.442482831255,297.0968056707424,18066.756311230216,312.62375550432574,0.001696319931684474,0.9503333664143486,1.0,46,46,0.45098039215686275,45.0
stormxio.eth,0xbbf1366a764a3e8a652524e79238d41e775c752a4380d12cec471ae5a074e722,0xc154c66cF2BC6931BaFE0034fDD2fE2e92E27a2C,1,30.542103640678032,1650340791,Close STORM to STMX Swap Proposal,2022-04-12,0.5284948209112665,2022-04-19 03:59:51,17199.984586471932,297.62530049165366,18066.756311230216,312.62375550432574,0.0016905081526252886,0.9520239299172507,1.0,47,47,0.46078431372549017,46.0
stormxio.eth,0xbbf1366a764a3e8a652524e79238d41e775c752a4380d12cec471ae5a074e722,0x73620De21cA2fA1bEB74Ee07e89dFba17cf0FBCe,1,30.321260128588474,1649857926,Close STORM to STMX Swap Proposal,2022-04-12,0.5246733862863202,2022-04-13 13:52:06,17230.30584660052,298.14997387794,18066.756311230216,312.62375550432574,0.001678275741462621,0.9537022056587133,1.0,48,48,0.47058823529411764,47.0
stormxio.eth,0xbbf1366a764a3e8a652524e79238d41e775c752a4380d12cec471ae5a074e722,0xed9bf5c7B7A2a2580814d7871e323C3328B866aF,2,29.155149957665863,1649880039,Close STORM to STMX Swap Proposal,2022-04-12,0.5044952350628483,2022-04-13 20:00:39,17259.460996558188,298.65446911300285,18066.756311230216,312.62375550432574,0.0016137373187672807,0.9553159429774806,1.0,49,49,0.4803921568627451,48.0
stormxio.eth,0xbbf1366a764a3e8a652524e79238d41e775c752a4380d12cec471ae5a074e722,0x6CD02b08CeAC041f168486E87412CE11aFBE975e,1,29.12245588731966,1649873888,Close STORM to STMX Swap Proposal,2022-04-12,0.5039295030145338,2022-04-13 18:18:08,17288.583452445506,299.1583986160174,18066.756311230216,312.62375550432574,0.0016119107596343936,0.956927853737115,1.0,50,50,0.49019607843137253,49.0
stormxio.eth,0xbbf1366a764a3e8a652524e79238d41e775c752a4380d12cec471ae5a074e722,0xE05b068d2B356B6866B2A40447C44F0Ed887ce5D,1,29.056679206189582,1650362846,Close STORM to STMX Swap Proposal,2022-04-12,0.5027913156871986,2022-04-19 10:07:26,17317.640131651697,299.6611899317046,18066.756311230216,312.62375550432574,0.0016083129916453737,0.9585361667287603,1.0,51,51,0.5,50.0
stormxio.eth,0xbbf1366a764a3e8a652524e79238d41e775c752a4380d12cec471ae5a074e722,0xDC2538402a44E2b43B98202dd728cFCa921B6817,1,29.045744222410868,1649870905,Close STORM to STMX Swap Proposal,2022-04-12,0.5026020987831572,2022-04-13 17:28:25,17346.685875874107,300.16379203048774,18066.756311230216,312.62375550432574,0.001607704138601078,0.9601438708673615,1.0,52,52,0.5098039215686274,51.0
stormxio.eth,0xbbf1366a764a3e8a652524e79238d41e775c752a4380d12cec471ae5a074e722,0x1823F67C730ea178073e74845A4C5e3CADeD3054,1,28.88788213959295,1649854440,Close STORM to STMX Swap Proposal,2022-04-12,0.4998704829727643,2022-04-13 12:54:00,17375.5737580137,300.6636625134605,18066.756311230216,312.62375550432574,0.0015989587948739223,0.9617428296622355,1.0,53,53,0.5196078431372549,52.0
stormxio.eth,0xbbf1366a764a3e8a652524e79238d41e775c752a4380d12cec471ae5a074e722,0xdC746Ee58c5BB74fA16107D52a748Ba17E60a4E4,1,28.74316274045226,1650119930,Close STORM to STMX Swap Proposal,2022-04-12,0.4973662856905123,2022-04-16 14:38:50,17404.31692075415,301.16102879915104,18066.756311230216,312.62375550432574,0.00159093300474457,0.9633337626669799,1.0,54,54,0.5294117647058824,53.0
stormxio.eth,0xbbf1366a764a3e8a652524e79238d41e775c752a4380d12cec471ae5a074e722,0x0E173EE940CEe1b20796B09fd9735DcdB8f8c4dF,2,26.218450941409984,1649864369,Close STORM to STMX Swap Proposal,2022-04-12,0.4536791472476219,2022-04-13 15:39:29,17430.53537169556,301.61470794639865,18066.756311230216,312.62375550432574,0.0014511735559403383,0.9647849362229203,1.0,55,55,0.5392156862745098,54.0
stormxio.eth,0xbbf1366a764a3e8a652524e79238d41e775c752a4380d12cec471ae5a074e722,0x3e10Fc94610d929B47f3EdA36f7CCbe73c3F6d5a,1,26.101262431175645,1649884636,Close STORM to STMX Swap Proposal,2022-04-12,0.45165133929248585,2022-04-13 21:17:16,17456.63663412674,302.06635928569114,18066.756311230216,312.62375550432574,0.0014446975735601026,0.9662296891467571,1.0,56,56,0.5490196078431373,55.0
stormxio.eth,0xbbf1366a764a3e8a652524e79238d41e775c752a4380d12cec471ae5a074e722,0x7c58407f706978dAD15B3B788f28c1a2B472251E,1,25.91765242549456,1649905706,Close STORM to STMX Swap Proposal,2022-04-12,0.44847418626427393,2022-04-14 03:08:26,17482.554286552233,302.5148334719554,18066.756311230216,312.62375550432574,0.0014345684729140929,0.9676642022693945,1.0,57,57,0.5588235294117647,56.0
stormxio.eth,0xbbf1366a764a3e8a652524e79238d41e775c752a4380d12cec471ae5a074e722,0x58cBE7ee306526014C8DF44F49FDF954d956e3D1,2,25.453400198970282,1649949317,Close STORM to STMX Swap Proposal,2022-04-12,0.4404408529942033,2022-04-14 15:15:17,17508.007686751203,302.9552743249496,18066.756311230216,312.62375550432574,0.0014088305942234125,0.9690730882138947,1.0,58,58,0.5686274509803921,57.0
stormxio.eth,0xbbf1366a764a3e8a652524e79238d41e775c752a4380d12cec471ae5a074e722,0x7FDCd2E33E371ec87B95bbFfc2554E0b2009E446,1,24.30962612741899,1649877896,Close STORM to STMX Swap Proposal,2022-04-12,0.42064920143611073,2022-04-13 19:24:56,17532.317312878622,303.3759235263857,18066.756311230216,312.62375550432574,0.0013455652278934176,0.9704185980915112,1.0,59,59,0.5784313725490197,58.0
stormxio.eth,0xbbf1366a764a3e8a652524e79238d41e775c752a4380d12cec471ae5a074e722,0x7F0d3dB00e9D2df027D240DFc4536122a17774e7,2,23.937850280119044,1650322351,Close STORM to STMX Swap Proposal,2022-04-12,0.4142160620509037,2022-04-18 22:52:31,17556.25516315874,303.7901395884366,18066.756311230216,312.62375550432574,0.0013249749249408733,0.9717435730164522,1.0,60,60,0.5882352941176471,59.0
stormxio.eth,0xbbf1366a764a3e8a652524e79238d41e775c752a4380d12cec471ae5a074e722,0xD42eA371c1A6e4ce01540D67959564911BE3AAaC,1,23.753591838588626,1649922498,Close STORM to STMX Swap Proposal,2022-04-12,0.4110276886106306,2022-04-14 07:48:18,17580.00875499733,304.20116727704726,18066.756311230216,312.62375550432574,0.0013147904740181096,0.9730583634904701,1.0,61,61,0.5980392156862745,60.0
stormxio.eth,0xbbf1366a764a3e8a652524e79238d41e775c752a4380d12cec471ae5a074e722,0xFCdDcF96B7a0789DbCd48593D864642A711ED49e,1,23.725622164022703,1649878368,Close STORM to STMX Swap Proposal,2022-04-12,0.4105437066189325,2022-04-13 19:32:48,17603.734377161352,304.61171098366617,18066.756311230216,312.62375550432574,0.0013132406662689931,0.9743715488064626,1.0,62,62,0.6078431372549019,61.0
stormxio.eth,0xbbf1366a764a3e8a652524e79238d41e775c752a4380d12cec471ae5a074e722,0xB6A7D1c0655Cf03997433f069f80ffb3Ad3d19C1,1,21.29763631236367,1649912058,Close STORM to STMX Swap Proposal,2022-04-12,0.36853029578960755,2022-04-14 04:54:18,17625.032013473716,304.98024127945575,18066.756311230216,312.62375550432574,0.0011788501943099138,0.9755503990007725,1.0,63,63,0.6176470588235294,62.0
stormxio.eth,0xbbf1366a764a3e8a652524e79238d41e775c752a4380d12cec471ae5a074e722,0x014D2BE76ACf9641d237d937c97bCe17b1253c23,1,20.450720512644295,1649864221,Close STORM to STMX Swap Proposal,2022-04-12,0.3538754239718235,2022-04-13 15:37:01,17645.48273398636,305.3341167034276,18066.756311230216,312.62375550432574,0.0011319685098991478,0.9766823675106716,1.0,64,64,0.6274509803921569,63.0
stormxio.eth,0xbbf1366a764a3e8a652524e79238d41e775c752a4380d12cec471ae5a074e722,0x633312037D26427BeE53fe9ba96872491E508b59,1,20.330605484091286,1649862332,Close STORM to STMX Swap Proposal,2022-04-12,0.35179697609374977,2022-04-13 15:05:32,17665.81333947045,305.6859136795213,18066.756311230216,312.62375550432574,0.0011253264766886496,0.9778076386370834,1.0,65,65,0.6372549019607843,64.0
stormxio.eth,0xbbf1366a764a3e8a652524e79238d41e775c752a4380d12cec471ae5a074e722,0x578A3a37167B9bb6a06C6E552aE08386F91A365b,1,20.29099095707346,1649917041,Close STORM to STMX Swap Proposal,2022-04-12,0.3511114937639116,2022-04-14 06:17:21,17686.104330427523,306.03702517328526,18066.756311230216,312.62375550432574,0.0011231124656184836,0.9789307511027019,1.0,66,66,0.6470588235294118,65.0
stormxio.eth,0xbbf1366a764a3e8a652524e79238d41e775c752a4380d12cec471ae5a074e722,0xa6F5caDAd54E71AB95471B6de5E18Be092Bb378f,1,19.913753156984267,1649880925,Close STORM to STMX Swap Proposal,2022-04-12,0.3445838417742312,2022-04-13 20:15:25,17706.01808358451,306.3816090150595,18066.756311230216,312.62375550432574,0.0011022454112821687,0.9800329965139841,1.0,67,67,0.6568627450980392,66.0
stormxio.eth,0xbbf1366a764a3e8a652524e79238d41e775c752a4380d12cec471ae5a074e722,0x936305a2C839AF937615B7DA2a8d0bA56C412d19,1,19.789997214208167,1650380909,Close STORM to STMX Swap Proposal,2022-04-12,0.34244239220076267,2022-04-19 15:08:29,17725.808080798717,306.7240514072602,18066.756311230216,312.62375550432574,0.0010953819769646538,0.9811283784909488,1.0,68,68,0.6666666666666666,67.0
stormxio.eth,0xbbf1366a764a3e8a652524e79238d41e775c752a4380d12cec471ae5a074e722,0x16b4236B703036C6418f5026B0ccefb4c532591A,2,19.197780919168054,1649863552,Close STORM to STMX Swap Proposal,2022-04-12,0.332194792740354,2022-04-13 15:25:52,17745.005861717884,307.0562462000006,18066.756311230216,312.62375550432574,0.0010626146131261962,0.9821909931040751,1.0,69,69,0.6764705882352942,68.0
stormxio.eth,0xbbf1366a764a3e8a652524e79238d41e775c752a4380d12cec471ae5a074e722,0xF8E3775641b6a1340b1E2b774B7684Cc1048AdDb,1,18.49570948195524,1649879839,Close STORM to STMX Swap Proposal,2022-04-12,0.32004628054741774,2022-04-13 19:57:19,17763.50157119984,307.376292480548,18066.756311230216,312.62375550432574,0.001023758718844782,0.9832147518229198,1.0,70,70,0.6862745098039216,69.0
stormxio.eth,0xbbf1366a764a3e8a652524e79238d41e775c752a4380d12cec471ae5a074e722,0x7129897Ea1bF0d8266547695b755Ee07353F8fc9,1,17.12182779360519,1649877001,Close STORM to STMX Swap Proposal,2022-04-12,0.2962728900377092,2022-04-13 19:10:01,17780.623398993444,307.67256537058574,18066.756311230216,312.62375550432574,0.0009477074385845783,0.9841624039112276,1.0,71,71,0.696078431372549,70.0
stormxio.eth,0xbbf1366a764a3e8a652524e79238d41e775c752a4380d12cec471ae5a074e722,0x34CC02f7116292a855378f86fe594CFaE29bff9c,2,16.357222594447922,1650360492,Close STORM to STMX Swap Proposal,2022-04-12,0.2830423053815086,2022-04-19 09:28:12,17796.980621587893,307.9556076759672,18066.756311230216,312.62375550432574,0.0009053644768676524,0.985067823738372,1.0,72,72,0.7058823529411765,71.0
stormxio.eth,0xbbf1366a764a3e8a652524e79238d41e775c752a4380d12cec471ae5a074e722,0x1db8CF40e8E96421Be96543A49075e0c781b7075,1,15.312155709912032,1649876076,Close STORM to STMX Swap Proposal,2022-04-12,0.26495866443519595,2022-04-13 18:54:36,17812.292777297804,308.2205663404024,18066.756311230216,312.62375550432574,0.0008475234376595644,0.9859153471760317,1.0,73,73,0.7156862745098039,72.0
stormxio.eth,0xbbf1366a764a3e8a652524e79238d41e775c752a4380d12cec471ae5a074e722,0x73743f68E70ebd463Ba70aC8e924F18a2c19512E,1,14.54296836148464,1649883855,Close STORM to STMX Swap Proposal,2022-04-12,0.2516487911292548,2022-04-13 21:04:15,17826.83574565929,308.4722151315317,18066.756311230216,312.62375550432574,0.000804959074835622,0.9867203062508672,1.0,74,74,0.7254901960784313,73.0
stormxio.eth,0xbbf1366a764a3e8a652524e79238d41e775c752a4380d12cec471ae5a074e722,0x165bD5e83ab345dc3448dF500e5ef57779E4c73a,1,14.527265247533027,1650165870,Close STORM to STMX Swap Proposal,2022-04-12,0.2513770673968871,2022-04-17 03:24:30,17841.36301090682,308.72359219892854,18066.756311230216,312.62375550432574,0.0008040734704075556,0.9875243797212748,1.0,75,75,0.7352941176470589,74.0
stormxio.eth,0xbbf1366a764a3e8a652524e79238d41e775c752a4380d12cec471ae5a074e722,0x52d40a7D59bf3fa4D00a629090Da094021CbE1b0,1,14.355715903504676,1649897180,Close STORM to STMX Swap Proposal,2022-04-12,0.24840860979107382,2022-04-14 00:46:20,17855.718726810326,308.97200080871966,18066.756311230216,312.62375550432574,0.0007946085730825957,0.9883189882943574,1.0,76,76,0.7450980392156863,75.0
stormxio.eth,0xbbf1366a764a3e8a652524e79238d41e775c752a4380d12cec471ae5a074e722,0x1bf72ecf304F65B903bbe1c8377777caf34d32aE,1,14.135398742905743,1649927500,Close STORM to STMX Swap Proposal,2022-04-12,0.24459628305339182,2022-04-14 09:11:40,17869.854125553233,309.21659709177305,18066.756311230216,312.62375550432574,0.0007823761619199283,0.9891013644562773,1.0,77,77,0.7549019607843137,75.0
stormxio.eth,0xbbf1366a764a3e8a652524e79238d41e775c752a4380d12cec471ae5a074e722,0x21c3BfFD4C6eA3A3B17Ef0AcDA03d3013b9685c3,1,13.428321573189862,1649863775,Close STORM to STMX Swap Proposal,2022-04-12,0.23236115260606602,2022-04-13 15:29:35,17883.28244712642,309.44895824437907,18066.756311230216,312.62375550432574,0.0007432435162547435,0.9898446079725319,1.0,78,78,0.7647058823529411,76.0
stormxio.eth,0xbbf1366a764a3e8a652524e79238d41e775c752a4380d12cec471ae5a074e722,0x4dE306f8140F02C623434d1F4a1BcE4D6e3139f6,2,12.551407391229901,1649855931,Close STORM to STMX Swap Proposal,2022-04-12,0.21718719442028367,2022-04-13 13:18:51,17895.833854517652,309.6661454387994,18066.756311230216,312.62375550432574,0.0006947013235413527,0.9905393646463501,1.0,79,79,0.7745098039215687,77.0
stormxio.eth,0xbbf1366a764a3e8a652524e79238d41e775c752a4380d12cec471ae5a074e722,0xFA1cEa4Ad0D46da10B9D231397d1FD589C592C38,1,12.51247436872862,1649865452,Close STORM to STMX Swap Proposal,2022-04-12,0.21651350471650882,2022-04-13 15:57:32,17908.346328886382,309.8826589435159,18066.756311230216,312.62375550432574,0.0006925426627479408,0.9912319073090982,1.0,80,80,0.7843137254901961,78.0
stormxio.eth,0xbbf1366a764a3e8a652524e79238d41e775c752a4380d12cec471ae5a074e722,0xf20A0C27ED8Adf6C9Fc60C1FE71e27D997966D33,1,11.818298710290989,1649917873,Close STORM to STMX Swap Proposal,2022-04-12,0.20450161959546118,2022-04-14 06:31:13,17920.16462759667,310.08716056311135,18066.756311230216,312.62375550432574,0.0006541295706805598,0.9918860922300554,1.0,81,81,0.7941176470588235,79.0
stormxio.eth,0xbbf1366a764a3e8a652524e79238d41e775c752a4380d12cec471ae5a074e722,0xDf0436bA83A5AB9A02eF5Add85595BEAF5De1562,1,11.638224938819802,1649883836,Close STORM to STMX Swap Proposal,2022-04-12,0.20138565689937069,2022-04-13 21:03:56,17931.802852535493,310.28854622001074,18066.756311230216,312.62375550432574,0.0006441665208648126,0.9925302587509202,1.0,82,82,0.803921568627451,80.0
stormxio.eth,0xbbf1366a764a3e8a652524e79238d41e775c752a4380d12cec471ae5a074e722,0xB787133633C58414E8aC361dAc2162Dcb5Af3b60,1,11.526967161693143,1649867357,Close STORM to STMX Swap Proposal,2022-04-12,0.19946047323522956,2022-04-13 16:29:17,17943.329819697185,310.48800669324595,18066.756311230216,312.62375550432574,0.0006380226401451018,0.9931682813910654,1.0,83,83,0.8137254901960784,81.0
stormxio.eth,0xbbf1366a764a3e8a652524e79238d41e775c752a4380d12cec471ae5a074e722,0x5aB9ce4ab630E7fA3f6Dfd42768A3560BD5eb2a1,1,11.362387868212462,1649942824,Close STORM to STMX Swap Proposal,2022-04-12,0.19661262407404964,2022-04-14 13:27:04,17954.692207565397,310.68461931731997,18066.756311230216,312.62375550432574,0.0006288898444806668,0.9937971712355459,1.0,84,84,0.8235294117647058,82.0
stormxio.eth,0xbbf1366a764a3e8a652524e79238d41e775c752a4380d12cec471ae5a074e722,0xE9ffC9aB5324eCFF7c0bC83F6e2Ec0A38851F4a6,1,11.12485901269984,1650337322,Close STORM to STMX Swap Proposal,2022-04-12,0.1925024694025748,2022-04-19 03:02:02,17965.817066578096,310.87712178672257,18066.756311230216,312.62375550432574,0.000615771828889933,0.9944129430644358,1.0,85,85,0.8333333333333334,83.0
stormxio.eth,0xbbf1366a764a3e8a652524e79238d41e775c752a4380d12cec471ae5a074e722,0x2987984B00E163aF06e18ef247b40028b7cf7BD6,2,11.051394601824537,1650390831,Close STORM to STMX Swap Proposal,2022-04-12,0.19123125504466185,2022-04-19 17:53:51,17976.86846117992,311.06835304176724,18066.756311230216,312.62375550432574,0.0006116759084101258,0.9950246189728459,1.0,86,86,0.8431372549019608,84.0
stormxio.eth,0xbbf1366a764a3e8a652524e79238d41e775c752a4380d12cec471ae5a074e722,0x18817A9B9e409cC0431cFf0BD715F301B44060fB,1,10.946011583744475,1649839542,Close STORM to STMX Swap Proposal,2022-04-12,0.18940772710688308,2022-04-13 08:45:42,17987.814472763665,311.2577607688741,18066.756311230216,312.62375550432574,0.0006058641293509399,0.9956304831021969,1.0,87,87,0.8529411764705882,85.0
stormxio.eth,0xbbf1366a764a3e8a652524e79238d41e775c752a4380d12cec471ae5a074e722,0x0c191127f97Ad4d95AE0B5b1F52b1A9E6d61B67E,1,9.610690960594363,1649890754,Close STORM to STMX Swap Proposal,2022-04-12,0.16630159002171757,2022-04-13 22:59:14,17997.42516372426,311.4240623588958,18066.756311230216,312.62375550432574,0.000531971509884148,0.9961624546120811,1.0,88,88,0.8627450980392157,86.0
stormxio.eth,0xbbf1366a764a3e8a652524e79238d41e775c752a4380d12cec471ae5a074e722,0x2305cBE5E10c42C9cEb6970cf0F6B01bb80e8689,1,9.58789690625281,1649887025,Close STORM to STMX Swap Proposal,2022-04-12,0.16590716598960747,2022-04-13 21:57:05,18007.013060630514,311.5899695248854,18066.756311230216,312.62375550432574,0.0005306984535188024,0.9966931530655998,1.0,89,89,0.8725490196078431,87.0
stormxio.eth,0xbbf1366a764a3e8a652524e79238d41e775c752a4380d12cec471ae5a074e722,0xD4d69F0dd613aD5edD117Ba1481e358B2E5CDE05,1,8.794170350863508,1650031345,Close STORM to STMX Swap Proposal,2022-04-12,0.1521726708586207,2022-04-15 14:02:25,18015.807230981376,311.74214219574407,18066.756311230216,312.62375550432574,0.0004867503337760064,0.9971799033993759,1.0,90,90,0.8823529411764706,88.0
stormxio.eth,0xbbf1366a764a3e8a652524e79238d41e775c752a4380d12cec471ae5a074e722,0xBd4713Eab86029180770Da858dF526c7F2a51D2B,1,8.475476349425929,1649899657,Close STORM to STMX Swap Proposal,2022-04-12,0.14665804975731175,2022-04-14 01:27:37,18024.282707330804,311.8888002455014,18066.756311230216,312.62375550432574,0.00046909359549143206,0.9976490523451441,1.0,91,91,0.8921568627450981,89.0
stormxio.eth,0xbbf1366a764a3e8a652524e79238d41e775c752a4380d12cec471ae5a074e722,0x1fFcB895d63701ACc1C75aA16bb01d0D61739298,1,8.140948514001886,1649875585,Close STORM to STMX Swap Proposal,2022-04-12,0.14086944296872125,2022-04-13 18:46:25,18032.423655844803,312.0296696884701,18066.756311230216,312.62375550432574,0.0004506066030555456,0.9980996589481996,1.0,92,92,0.9019607843137255,90.0
stormxio.eth,0xbbf1366a764a3e8a652524e79238d41e775c752a4380d12cec471ae5a074e722,0x6Ed0a5Cbd97030b2Fc68E6fbF6A985d018ddB50F,1,6.031838637693196,1649877911,Close STORM to STMX Swap Proposal,2022-04-12,0.10437380208308908,2022-04-13 19:25:11,18038.4554944825,312.1340434905532,18066.756311230216,312.62375550432574,0.0003338728693810405,0.9984334764673041,1.0,93,93,0.9117647058823529,91.0
stormxio.eth,0xbbf1366a764a3e8a652524e79238d41e775c752a4380d12cec471ae5a074e722,0x673aF188913BA4D9dBea75FD12C281C6ACFeC89A,1,5.05206956583506,1649863327,Close STORM to STMX Swap Proposal,2022-04-12,0.08742006221441748,2022-04-13 15:22:07,18043.507564048334,312.2214635527676,18066.756311230216,312.62375550432574,0.00027962959816197225,0.9987131614157427,1.0,94,94,0.9215686274509803,92.0
stormxio.eth,0xbbf1366a764a3e8a652524e79238d41e775c752a4380d12cec471ae5a074e722,0xB73666eC4249A7a5ce3796ac765A84a68b83a6B6,1,4.857987753105447,1649890719,Close STORM to STMX Swap Proposal,2022-04-12,0.08406170700524782,2022-04-13 22:58:39,18048.36555180144,312.3055252597729,18066.756311230216,312.62375550432574,0.0002688916444716669,0.9989820530602144,1.0,95,95,0.9313725490196079,93.0
stormxio.eth,0xbbf1366a764a3e8a652524e79238d41e775c752a4380d12cec471ae5a074e722,0x3E85E1BE2b89B83a599BFecCfE871B256436DcBd,1,3.8569150469102493,1649906380,Close STORM to STMX Swap Proposal,2022-04-12,0.06673933305209458,2022-04-14 03:19:40,18052.222466848347,312.37226459282493,18066.756311230216,312.62375550432574,0.0002134860174407615,0.9991954837273784,1.0,96,96,0.9411764705882353,94.0
stormxio.eth,0xbbf1366a764a3e8a652524e79238d41e775c752a4380d12cec471ae5a074e722,0xd42730554f54FaB78b11910E742c0d73692D4E38,1,3.3567010776137733,1649857137,Close STORM to STMX Swap Proposal,2022-04-12,0.058083724544219506,2022-04-13 13:38:57,18055.579167925964,312.4303483173692,18066.756311230216,312.62375550432574,0.00018581087906368587,0.9993812946064421,1.0,97,97,0.9509803921568627,95.0
stormxio.eth,0xbbf1366a764a3e8a652524e79238d41e775c752a4380d12cec471ae5a074e722,0xb2A6F74f1972952f596070993EBe89bBbBc131f0,2,3.1834400234841405,1649856905,Close STORM to STMX Swap Proposal,2022-04-12,0.05508564782853507,2022-04-13 13:35:05,18058.762607949448,312.48543396519767,18066.756311230216,312.62375550432574,0.0001761799309084635,0.9995575298876271,1.0,98,98,0.9607843137254902,96.0
stormxio.eth,0xbbf1366a764a3e8a652524e79238d41e775c752a4380d12cec471ae5a074e722,0x50D1177a07CB5346C1EFD45a6966B99A9505051A,2,3.1029372681866554,1649862791,Close STORM to STMX Swap Proposal,2022-04-12,0.05369264328162026,2022-04-13 15:13:11,18061.86554521763,312.5391266084793,18066.756311230216,312.62375550432574,0.00017175190876813143,0.9997292817963954,1.0,99,99,0.9705882352941176,97.0
stormxio.eth,0xbbf1366a764a3e8a652524e79238d41e775c752a4380d12cec471ae5a074e722,0x1610Fce7FABD70B46Dd8fdC50117749e13432002,1,2.481497408315835,1650297807,Close STORM to STMX Swap Proposal,2022-04-12,0.04293936474804441,2022-04-18 16:03:27,18064.34704262595,312.5820659732274,18066.756311230216,312.62375550432574,0.00013732403662704932,0.9998666058330224,1.0,100,100,0.9803921568627451,98.0
stormxio.eth,0xbbf1366a764a3e8a652524e79238d41e775c752a4380d12cec471ae5a074e722,0x33c9aA2890fe0B534F269733614bBee507CB3f3E,1,1.2055852519080046,1649949468,Close STORM to STMX Swap Proposal,2022-04-12,0.020861220605374136,2022-04-14 15:17:48,18065.552627877856,312.6029271938327,18066.756311230216,312.62375550432574,6.675243376550644e-05,0.9999333582667879,1.0,101,101,0.9901960784313726,99.0
stormxio.eth,0xbbf1366a764a3e8a652524e79238d41e775c752a4380d12cec471ae5a074e722,0x81D5Bf45de36CFB8d7881465E9Aaa28eDb86cf64,1,1.203683352357396,1649879338,Close STORM to STMX Swap Proposal,2022-04-12,0.02082831049301857,2022-04-13 19:48:58,18066.756311230216,312.62375550432574,18066.756311230216,312.62375550432574,6.664173321199814e-05,0.9999999446497232,1.0,102,102,1.0,100.0
stormxio.eth,0x5bf3110333575357306fe55ca430116cd29a9d924794b50da32aa92e7003b356,0x190976E54Fb12fAb0E63c6fa9cb3cB4245b9D52a,1,5720.546728268887,1658874838,Add Withdrawal Token,2022-07-22,45.14666430736632,2022-07-26 22:33:58,5720.546728268887,45.14666430736632,14982.671060181045,118.24352687114207,0.3818109188816145,0.3818109188816145,0.0,1,1,0.038461538461538464,4.0
stormxio.eth,0x5bf3110333575357306fe55ca430116cd29a9d924794b50da32aa92e7003b356,0x3A6164974B368E87CcA3e32bB5c49570c14dAdaf,3,3096.6524480063185,1658524611,Add Withdrawal Token,2022-07-22,24.438840409408176,2022-07-22 21:16:51,8817.199176275206,69.5855047167745,14982.671060181045,118.24352687114207,0.20668225356361716,0.5884931724452318,1.0,2,2,0.07692307692307693,8.0
stormxio.eth,0x5bf3110333575357306fe55ca430116cd29a9d924794b50da32aa92e7003b356,0xe25459E909361263809052b07E80DCCcc4100067,2,1040.7584107541484,1659593330,Add Withdrawal Token,2022-07-22,8.21368530444719,2022-08-04 06:08:50,9857.957587029354,77.79919002122168,14982.671060181045,118.24352687114207,0.06946412088099117,0.6579573600700009,1.0,3,3,0.11538461538461539,12.0
stormxio.eth,0x5bf3110333575357306fe55ca430116cd29a9d924794b50da32aa92e7003b356,0x8d3dAD7e7941b16721EF4364c4eb1c67Dd9fF302,2,953.4850718935372,1658768612,Add Withdrawal Token,2022-07-22,7.524922443189108,2022-07-25 17:03:32,10811.442658922891,85.32411246441079,14982.671060181045,118.24352687114207,0.06363919114550344,0.7215965512155043,1.0,4,4,0.15384615384615385,15.0
stormxio.eth,0x5bf3110333575357306fe55ca430116cd29a9d924794b50da32aa92e7003b356,0x3283DD9e2b98c348A47a274B5CC2b64f41c689F6,1,803.2057691642974,1658588565,Add Withdrawal Token,2022-07-22,6.338915308742505,2022-07-23 15:02:45,11614.648428087188,91.66302777315329,14982.671060181045,118.24352687114207,0.05360900293472392,0.7752054874064502,1.0,5,5,0.19230769230769232,19.0
stormxio.eth,0x5bf3110333575357306fe55ca430116cd29a9d924794b50da32aa92e7003b356,0x199a051119AD6164E6645dbFE73D431440B1Fb87,1,621.1055057100513,1659609743,Add Withdrawal Token,2022-07-22,4.901776542997353,2022-08-04 10:42:23,12235.75393379724,96.56480431615064,14982.671060181045,118.24352687114207,0.04145496096490145,0.8166604483713518,1.0,6,6,0.23076923076923078,23.0
stormxio.eth,0x5bf3110333575357306fe55ca430116cd29a9d924794b50da32aa92e7003b356,0x3C27284E0CCC5f7e772aB880C661720D0d199572,2,528.0941596457966,1658535877,Add Withdrawal Token,2022-07-22,4.167729219025942,2022-07-23 00:24:37,12763.848093443035,100.73253353517659,14982.671060181045,118.24352687114207,0.035246988687597076,0.8519074370589488,1.0,7,7,0.2692307692307692,27.0
stormxio.eth,0x5bf3110333575357306fe55ca430116cd29a9d924794b50da32aa92e7003b356,0x0d6881655f8Ac9E91adE5714ddfD1b6e99d08Bf8,2,441.16778263125366,1658853589,Add Withdrawal Token,2022-07-22,3.4817045873001002,2022-07-26 16:39:49,13205.015876074289,104.21423812247669,14982.671060181045,118.24352687114207,0.02944521904306776,0.8813526561020165,1.0,8,8,0.3076923076923077,31.0
stormxio.eth,0x5bf3110333575357306fe55ca430116cd29a9d924794b50da32aa92e7003b356,0x9C1A8Ca147C6E96568Be30febafDD4bf7D3c06F2,2,243.67603814613597,1658613749,Add Withdrawal Token,2022-07-22,1.9230959585678775,2022-07-23 22:02:29,13448.691914220424,106.13733408104457,14982.671060181045,118.24352687114207,0.01626385684260549,0.897616512944622,1.0,9,9,0.34615384615384615,35.0
stormxio.eth,0x5bf3110333575357306fe55ca430116cd29a9d924794b50da32aa92e7003b356,0xe41eeB9ab53Ab208fD57A5E10dFC2FeE464Ca216,1,225.4419469732078,1658935157,Add Withdrawal Token,2022-07-22,1.7791921619139495,2022-07-27 15:19:17,13674.133861193632,107.91652624295853,14982.671060181045,118.24352687114207,0.015046850794951768,0.9126633637395738,1.0,10,10,0.38461538461538464,38.0
stormxio.eth,0x5bf3110333575357306fe55ca430116cd29a9d924794b50da32aa92e7003b356,0x6585eC2D632442c1528088307418537d7D091584,1,207.13019851576348,1659696323,Add Withdrawal Token,2022-07-22,1.6346754924837625,2022-08-05 10:45:23,13881.264059709396,109.55120173544229,14982.671060181045,118.24352687114207,0.013824638732615748,0.9264880024721894,1.0,11,11,0.4230769230769231,42.0
stormxio.eth,0x5bf3110333575357306fe55ca430116cd29a9d924794b50da32aa92e7003b356,0x08A61fADbdCFDFfd5ff7C44D2cE059e7339B6B50,2,162.824473218356,1658676535,Add Withdrawal Token,2022-07-22,1.2850138601415428,2022-07-24 15:28:55,14044.088532927752,110.83621559558384,14982.671060181045,118.24352687114207,0.010867488905515506,0.937355558121483,1.0,12,12,0.46153846153846156,46.0
stormxio.eth,0x5bf3110333575357306fe55ca430116cd29a9d924794b50da32aa92e7003b356,0x764b3973f0980Ecd8C3242a868F223f5D125249c,2,161.2927368488592,1659276394,Add Withdrawal Token,2022-07-22,1.2729253673862388,2022-07-31 14:06:34,14205.381269776612,112.10914096297007,14982.671060181045,118.24352687114207,0.010765304181430947,0.948120795559136,1.0,13,13,0.5,50.0
stormxio.eth,0x5bf3110333575357306fe55ca430116cd29a9d924794b50da32aa92e7003b356,0x2Fcc797911A69EE6ad1adC1bDc476c8d589599bF,2,156.01789544913095,1659641836,Add Withdrawal Token,2022-07-22,1.2312962180653673,2022-08-04 19:37:16,14361.399165225743,113.34043718103544,14982.671060181045,118.24352687114207,0.010413230752596167,0.9585340263117321,1.0,14,14,0.5384615384615384,54.0
stormxio.eth,0x5bf3110333575357306fe55ca430116cd29a9d924794b50da32aa92e7003b356,0x1edB4c7B145CEF7e46d5B5c256cEDCd5C45f2EcE,2,152.38541232518878,1658972139,Add Withdrawal Token,2022-07-22,1.2026285917022457,2022-07-28 01:35:39,14513.784577550932,114.54306577273769,14982.671060181045,118.24352687114207,0.01017075060720152,0.9687048436627116,1.0,15,15,0.5769230769230769,58.0
stormxio.eth,0x5bf3110333575357306fe55ca430116cd29a9d924794b50da32aa92e7003b356,0xc5D074D8F2c68e4F6932338a0d192043ACC85e19,2,136.5039872742361,1659491176,Add Withdrawal Token,2022-07-22,1.0772920811280315,2022-08-03 01:46:16,14650.288564825169,115.62035785386573,14982.671060181045,118.24352687114207,0.009110792669130402,0.9778156363318421,1.0,16,16,0.6153846153846154,62.0
stormxio.eth,0x5bf3110333575357306fe55ca430116cd29a9d924794b50da32aa92e7003b356,0x278Af297882A3118aF3BB6D02A261e596Dea6416,1,116.64376211276777,1658533218,Add Withdrawal Token,2022-07-22,0.920554803901935,2022-07-22 23:40:18,14766.932326937937,116.54091265776766,14982.671060181045,118.24352687114207,0.007785261238484196,0.9856008308265484,1.0,17,17,0.6538461538461539,65.0
stormxio.eth,0x5bf3110333575357306fe55ca430116cd29a9d924794b50da32aa92e7003b356,0x4AdA1B9D9fe28aBd9585f58cfEeD2169A39e1c6b,5,63.565050795496795,1658535889,Add Withdrawal Token,2022-07-22,0.5016565979198647,2022-07-23 00:24:49,14830.497377733433,117.04256925568752,14982.671060181045,118.24352687114207,0.004242568247181577,0.9898433990737298,1.0,18,18,0.6923076923076923,69.0
stormxio.eth,0x5bf3110333575357306fe55ca430116cd29a9d924794b50da32aa92e7003b356,0xE368a7dDa63936275a0A58f93cE36be0c9676E85,2,29.36803078665114,1659645575,Add Withdrawal Token,2022-07-22,0.23177306126027636,2022-08-04 20:39:35,14859.865408520083,117.2743423169478,14982.671060181045,118.24352687114207,0.0019601312716625275,0.9918035303453924,1.0,19,19,0.7307692307692307,73.0
stormxio.eth,0x5bf3110333575357306fe55ca430116cd29a9d924794b50da32aa92e7003b356,0xE05b068d2B356B6866B2A40447C44F0Ed887ce5D,2,29.056679206189582,1658913828,Add Withdrawal Token,2022-07-22,0.22931586862601228,2022-07-27 09:23:48,14888.922087726272,117.50365818557381,14982.671060181045,118.24352687114207,0.0019393739567113203,0.9937429043021038,1.0,20,20,0.7692307692307693,77.0
stormxio.eth,0x5bf3110333575357306fe55ca430116cd29a9d924794b50da32aa92e7003b356,0x58cBE7ee306526014C8DF44F49FDF954d956e3D1,5,28.892827678970285,1658541187,Add Withdrawal Token,2022-07-22,0.2280227492360309,2022-07-23 01:53:07,14917.814915405243,117.73168093480984,14982.671060181045,118.24352687114207,0.0019284279771229027,0.9956713322792267,1.0,21,21,0.8076923076923077,81.0
stormxio.eth,0x5bf3110333575357306fe55ca430116cd29a9d924794b50da32aa92e7003b356,0x165bD5e83ab345dc3448dF500e5ef57779E4c73a,1,15.608446927533027,1659466868,Add Withdrawal Token,2022-07-22,0.12318216199763814,2022-08-02 19:01:08,14933.423362332776,117.85486309680748,14982.671060181045,118.24352687114207,0.0010417368866830813,0.9967130691659097,1.0,22,22,0.8461538461538461,85.0
stormxio.eth,0x5bf3110333575357306fe55ca430116cd29a9d924794b50da32aa92e7003b356,0x10b89b85395a33e46f79d66D711711Acc6A6a3bC,1,13.258149869764338,1659131837,Add Withdrawal Token,2022-07-22,0.10463357261800318,2022-07-29 21:57:17,14946.68151220254,117.95949666942548,14982.671060181045,118.24352687114207,0.0008848890084344112,0.9975980249181221,1.0,23,23,0.8846153846153846,88.0
stormxio.eth,0x5bf3110333575357306fe55ca430116cd29a9d924794b50da32aa92e7003b356,0x5aB9ce4ab630E7fA3f6Dfd42768A3560BD5eb2a1,2,12.702756118212461,1658583413,Add Withdrawal Token,2022-07-22,0.10025039449696559,2022-07-23 13:36:53,14959.384268320753,118.05974706392244,14982.671060181045,118.24352687114207,0.0008478462116565339,0.9984458043860006,1.0,24,24,0.9230769230769231,92.0
stormxio.eth,0x5bf3110333575357306fe55ca430116cd29a9d924794b50da32aa92e7003b356,0xf20A0C27ED8Adf6C9Fc60C1FE71e27D997966D33,2,11.818298710290989,1659639505,Add Withdrawal Token,2022-07-22,0.09327023969947519,2022-08-04 18:58:25,14971.202567031045,118.15301730362192,14982.671060181045,118.24352687114207,0.0007887779681458645,0.9992346490979245,1.0,25,25,0.9615384615384616,96.0
stormxio.eth,0x5bf3110333575357306fe55ca430116cd29a9d924794b50da32aa92e7003b356,0xF7C9D7c8E082382598B5e1fc8D92e25fe6cbE00e,2,11.46849315,1658523509,Add Withdrawal Token,2022-07-22,0.09050956752014198,2022-07-22 20:58:29,14982.671060181045,118.24352687114207,14982.671060181045,118.24352687114207,0.0007654176458535095,1.000000066743778,1.0,26,26,1.0,100.0
